[{ "name": "Neuromancer","genre": "cyberpunk" },
{ "name": "Snow Crash", "genre": "cyberpunk" },
{ "name": "Accelerando", "genre": "cyberpunk" },
{ "name": "The Diamond Age", "genre": "cyberpunk" },
{ "name": "Heavy Weather", "genre": "cyberpunk" },
{ "name": "The Heat Death of the Universe", "genre": "new wave" },
{ "name": "Bug Jack Barron", "genre": "new wave" },
{ "name": "Dangerous Visions", "genre": "new wave" },
{ "name": "A Connecticut Yankee in King Arthur's Court", "genre": "time travel" },
{ "name": "The Time Machine", "genre": "time travel" },
{ "name": "Earth Abides", "genre": "apocalypse" },
{ "name": "Alas, Babylon", "genre": "apocalypse" },
{ "name": "Riddley Walker", "genre": "apocalypse" },
{ "name": "A Deepness in the Sky", "genre": "space opera" },
{ "name": "Void", "genre": "space opera" },
{ "name": "Skylark", "genre": "space opera" },
{ "name": "The Man in the High Castle", "genre": "alternate history" },
{ "name": "Bring the Jubilee", "genre": "alternate history" }]
